INSERT INTO location (id_distributor, id_location_type, id_zone, id_subzone, id_region)
VALUES
(1, 101, 1, 11, 1001),
(2, 102, 1, 12, 1002),
(1, 101, 2, 21, 1001),
(3, 103, 2, 22, 1003),
(2, 104, 3, 31, 1002),
(4, 105, 3, 32, 1004),
(3, 101, 1, 11, 1001),
(4, 102, 1, 12, 1002),
(1, 103, 2, 21, 1003),
(2, 104, 2, 22, 1004),
(3, 105, 3, 31, 1005),
(4, 101, 3, 32, 1001),
(1, 102, 1, 11, 1002),
(2, 103, 1, 12, 1003),
(3, 104, 2, 21, 1004),
(4, 105, 2, 22, 1005),
(1, 101, 3, 31, 1001),
(2, 102, 3, 32, 1002),
(3, 103, 1, 11, 1003),
(4, 104, 1, 12, 1004);

INSERT INTO device (serial_nbr, id_device_type, id_distributor, id_device_state_type)
VALUES
('DEV1001', 14, 1, 1),
('DEV1002', 14, 2, 1),
('DEV1003', 15, 3, 0),
('DEV1004', 14, 4, 1),
('DEV1005', 15, 1, 1),
('DEV1006', 14, 2, 1),
('DEV1007', 15, 3, 1),
('DEV1008', 14, 4, 0),
('DEV1009', 15, 1, 1),
('DEV1010', 14, 2, 1),
('DEV1011', 15, 3, 1),
('DEV1012', 14, 4, 1),
('DEV1013', 15, 1, 0),
('DEV1014', 14, 2, 1),
('DEV1015', 15, 3, 1),
('DEV1016', 14, 4, 1),
('DEV1017', 15, 1, 1),
('DEV1018', 14, 2, 0),
('DEV1019', 15, 3, 1),
('DEV1020', 14, 4, 1),
('DEV1021', 15, 1, 1),
('DEV1022', 14, 2, 1),
('DEV1023', 15, 3, 1),
('DEV1024', 14, 4, 0),
('DEV1025', 15, 1, 1);

INSERT INTO location_equipment (id_location, io_meter, serial_nbr, start_time, end_time)
VALUES
(1, 1500, 'DEV1001', '2024-01-01', NULL),
(2, 1420, 'DEV1002', '2023-12-15', '2024-06-15'),
(3, 1300, 'DEV1003', '2024-01-10', NULL),
(4, 1250, 'DEV1004', '2023-11-05', '2024-03-01'),
(5, 1600, 'DEV1005', '2024-04-01', NULL),
(6, 1580, 'DEV1006', '2024-03-20', NULL),
(7, 1490, 'DEV1007', '2023-10-01', '2024-04-15'),
(8, 1390, 'DEV1008', '2024-05-01', NULL),
(9, 1220, 'DEV1009', '2023-09-01', '2024-01-01'),
(10, 1210, 'DEV1010', '2024-02-01', NULL),
(11, 1190, 'DEV1011', '2023-08-01', '2024-01-15'),
(12, 1170, 'DEV1012', '2024-03-01', NULL),
(13, 1550, 'DEV1013', '2024-04-20', NULL),
(14, 1500, 'DEV1014', '2024-02-15', NULL),
(15, 1430, 'DEV1015', '2023-12-01', '2024-05-01'),
(16, 1370, 'DEV1016', '2024-01-01', NULL),
(17, 1290, 'DEV1017', '2024-06-01', NULL),
(18, 1200, 'DEV1018', '2023-11-10', '2024-04-10'),
(19, 1100, 'DEV1019', '2024-03-15', NULL),
(20, 1000, 'DEV1020', '2024-02-01', NULL);
